first_name,last_name,title,release_year
PENELOPE,GUINESS,ACADEMY DINOSAUR,2006
PENELOPE,GUINESS,ANACONDA CONFESSIONS,2006
PENELOPE,GUINESS,ANGELS LIFE,2006
PENELOPE,GUINESS,BULWORTH COMMANDMENTS,2006
PENELOPE,GUINESS,CHEAPER CLYDE,2006
PENELOPE,GUINESS,COLOR PHILADELPHIA,2006
PENELOPE,GUINESS,ELEPHANT TROJAN,2006
PENELOPE,GUINESS,GLEAMING JAWBREAKER,2006
PENELOPE,GUINESS,HUMAN GRAFFITI,2006
PENELOPE,GUINESS,KING EVOLUTION,2006
PENELOPE,GUINESS,LADY STAGE,2006
PENELOPE,GUINESS,LANGUAGE COWBOY,2006
PENELOPE,GUINESS,MULHOLLAND BEAST,2006
PENELOPE,GUINESS,OKLAHOMA JUMANJI,2006
PENELOPE,GUINESS,RULES HUMAN,2006
PENELOPE,GUINESS,SPLASH GUMP,2006
PENELOPE,GUINESS,VERTIGO NORTHWEST,2006
PENELOPE,GUINESS,WESTWARD SEABISCUIT,2006
PENELOPE,GUINESS,WIZARD COLDBLOODED,2006
NICK,WAHLBERG,ADAPTATION HOLES,2006
NICK,WAHLBERG,APACHE DIVINE,2006
NICK,WAHLBERG,BABY HALL,2006
NICK,WAHLBERG,BULL SHAWSHANK,2006
NICK,WAHLBERG,CHAINSAW UPTOWN,2006
NICK,WAHLBERG,CHISUM BEHAVIOR,2006
NICK,WAHLBERG,DESTINY SATURDAY,2006
NICK,WAHLBERG,DRACULA CRYSTAL,2006
NICK,WAHLBERG,FIGHT JAWBREAKER,2006
NICK,WAHLBERG,FLASH WARS,2006
NICK,WAHLBERG,GILBERT PELICAN,2006
NICK,WAHLBERG,GOODFELLAS SALUTE,2006
NICK,WAHLBERG,HAPPINESS UNITED,2006
NICK,WAHLBERG,INDIAN LOVE,2006
NICK,WAHLBERG,JEKYLL FROGMEN,2006
NICK,WAHLBERG,JERSEY SASSY,2006
NICK,WAHLBERG,LIAISONS SWEET,2006
NICK,WAHLBERG,LUCKY FLYING,2006
NICK,WAHLBERG,MAGUIRE APACHE,2006
NICK,WAHLBERG,MALLRATS UNITED,2006
NICK,WAHLBERG,MASK PEACH,2006
NICK,WAHLBERG,ROOF CHAMPION,2006
NICK,WAHLBERG,RUSHMORE MERMAID,2006
NICK,WAHLBERG,SMILE EARRING,2006
NICK,WAHLBERG,WARDROBE PHANTOM,2006
ED,CHASE,ALONE TRIP,2006
ED,CHASE,ARMY FLINTSTONES,2006
ED,CHASE,ARTIST COLDBLOODED,2006
ED,CHASE,BOONDOCK BALLROOM,2006
ED,CHASE,CADDYSHACK JEDI,2006
ED,CHASE,COWBOY DOOM,2006
ED,CHASE,EVE RESURRECTION,2006
ED,CHASE,FORREST SONS,2006
ED,CHASE,FRENCH HOLIDAY,2006
ED,CHASE,FROST HEAD,2006
ED,CHASE,HALLOWEEN NUTS,2006
ED,CHASE,HUNTER ALTER,2006
ED,CHASE,IMAGE PRINCESS,2006
ED,CHASE,JEEPERS WEDDING,2006
ED,CHASE,LUCK OPUS,2006
ED,CHASE,NECKLACE OUTBREAK,2006
ED,CHASE,PLATOON INSTINCT,2006
ED,CHASE,SPICE SORORITY,2006
ED,CHASE,WEDDING APOLLO,2006
ED,CHASE,WEEKEND PERSONAL,2006
ED,CHASE,WHALE BIKINI,2006
ED,CHASE,YOUNG LANGUAGE,2006
JENNIFER,DAVIS,ANACONDA CONFESSIONS,2006
JENNIFER,DAVIS,ANGELS LIFE,2006
JENNIFER,DAVIS,BAREFOOT MANCHURIAN,2006
JENNIFER,DAVIS,BED HIGHBALL,2006
JENNIFER,DAVIS,BLADE POLISH,2006
JENNIFER,DAVIS,BOONDOCK BALLROOM,2006
JENNIFER,DAVIS,GHOSTBUSTERS ELF,2006
JENNIFER,DAVIS,GREEDY ROOTS,2006
JENNIFER,DAVIS,HANOVER GALAXY,2006
JENNIFER,DAVIS,INSTINCT AIRPORT,2006
JENNIFER,DAVIS,JUMANJI BLADE,2006
JENNIFER,DAVIS,NATIONAL STORY,2006
JENNIFER,DAVIS,OKLAHOMA JUMANJI,2006
JENNIFER,DAVIS,POSEIDON FOREVER,2006
JENNIFER,DAVIS,RAIDERS ANTITRUST,2006
JENNIFER,DAVIS,RANDOM GO,2006
JENNIFER,DAVIS,REDS POCUS,2006
JENNIFER,DAVIS,SILVERADO GOLDFINGER,2006
JENNIFER,DAVIS,SPLASH GUMP,2006
JENNIFER,DAVIS,SUBMARINE BED,2006
JENNIFER,DAVIS,TREASURE COMMAND,2006
JENNIFER,DAVIS,UNFORGIVEN ZOOLANDER,2006
JOHNNY,LOLLOBRIGIDA,AMADEUS HOLY,2006
JOHNNY,LOLLOBRIGIDA,BANGER PINOCCHIO,2006
JOHNNY,LOLLOBRIGIDA,BONNIE HOLOCAUST,2006
JOHNNY,LOLLOBRIGIDA,CHITTY LOCK,2006
JOHNNY,LOLLOBRIGIDA,COMMANDMENTS EXPRESS,2006
JOHNNY,LOLLOBRIGIDA,CONEHEADS SMOOCHY,2006
JOHNNY,LOLLOBRIGIDA,DADDY PITTSBURGH,2006
JOHNNY,LOLLOBRIGIDA,DAISY MENAGERIE,2006
JOHNNY,LOLLOBRIGIDA,ENOUGH RAGING,2006
JOHNNY,LOLLOBRIGIDA,ESCAPE METROPOLIS,2006
JOHNNY,LOLLOBRIGIDA,FIRE WOLVES,2006
JOHNNY,LOLLOBRIGIDA,FRONTIER CABIN,2006
JOHNNY,LOLLOBRIGIDA,GOODFELLAS SALUTE,2006
JOHNNY,LOLLOBRIGIDA,GRAIL FRANKENSTEIN,2006
JOHNNY,LOLLOBRIGIDA,GROOVE FICTION,2006
JOHNNY,LOLLOBRIGIDA,HALL CASSIDY,2006
JOHNNY,LOLLOBRIGIDA,HEAVENLY GUN,2006
JOHNNY,LOLLOBRIGIDA,KRAMER CHOCOLATE,2006
JOHNNY,LOLLOBRIGIDA,LOVE SUICIDES,2006
JOHNNY,LOLLOBRIGIDA,METAL ARMAGEDDON,2006
JOHNNY,LOLLOBRIGIDA,PACIFIC AMISTAD,2006
JOHNNY,LOLLOBRIGIDA,PATTON INTERVIEW,2006
JOHNNY,LOLLOBRIGIDA,POCUS PULP,2006
JOHNNY,LOLLOBRIGIDA,RIDGEMONT SUBMARINE,2006
JOHNNY,LOLLOBRIGIDA,RINGS HEARTBREAKERS,2006
JOHNNY,LOLLOBRIGIDA,SMILE EARRING,2006
JOHNNY,LOLLOBRIGIDA,SOLDIERS EVOLUTION,2006
JOHNNY,LOLLOBRIGIDA,STAR OPERATION,2006
JOHNNY,LOLLOBRIGIDA,SUNRISE LEAGUE,2006
BETTE,NICHOLSON,ANTITRUST TOMATOES,2006
BETTE,NICHOLSON,BANG KWAI,2006
BETTE,NICHOLSON,BEAST HUNCHBACK,2006
BETTE,NICHOLSON,BIKINI BORROWERS,2006
BETTE,NICHOLSON,CALENDAR GUNFIGHT,2006
BETTE,NICHOLSON,COAST RAINBOW,2006
BETTE,NICHOLSON,COLDBLOODED DARLING,2006
BETTE,NICHOLSON,CROSSROADS CASUALTIES,2006
BETTE,NICHOLSON,DROP WATERFRONT,2006
BETTE,NICHOLSON,IGBY MAKER,2006
BETTE,NICHOLSON,KRAMER CHOCOLATE,2006
BETTE,NICHOLSON,LANGUAGE COWBOY,2006
BETTE,NICHOLSON,LESSON CLEOPATRA,2006
BETTE,NICHOLSON,LIBERTY MAGNIFICENT,2006
BETTE,NICHOLSON,MULHOLLAND BEAST,2006
BETTE,NICHOLSON,POTLUCK MIXED,2006
BETTE,NICHOLSON,SPEED SUIT,2006
BETTE,NICHOLSON,TITANIC BOONDOCK,2006
BETTE,NICHOLSON,TRADING PINOCCHIO,2006
BETTE,NICHOLSON,WYOMING STORM,2006
GRACE,MOSTEL,ANGELS LIFE,2006
GRACE,MOSTEL,ANONYMOUS HUMAN,2006
GRACE,MOSTEL,ARACHNOPHOBIA ROLLERCOASTER,2006
GRACE,MOSTEL,BERETS AGENT,2006
GRACE,MOSTEL,BREAKING HOME,2006
GRACE,MOSTEL,COMMAND DARLING,2006
GRACE,MOSTEL,CONFESSIONS MAGUIRE,2006
GRACE,MOSTEL,DAZED PUNK,2006
GRACE,MOSTEL,DECEIVER BETRAYED,2006
GRACE,MOSTEL,DESTINATION JERK,2006
GRACE,MOSTEL,EXCITEMENT EVE,2006
GRACE,MOSTEL,GASLIGHT CRUSADE,2006
GRACE,MOSTEL,HELLFIGHTERS SIERRA,2006
GRACE,MOSTEL,INSTINCT AIRPORT,2006
GRACE,MOSTEL,MALKOVICH PET,2006
GRACE,MOSTEL,NECKLACE OUTBREAK,2006
GRACE,MOSTEL,OCTOBER SUBMARINE,2006
GRACE,MOSTEL,OPEN AFRICAN,2006
GRACE,MOSTEL,POSEIDON FOREVER,2006
GRACE,MOSTEL,SAINTS BRIDE,2006
GRACE,MOSTEL,SAVANNAH TOWN,2006
GRACE,MOSTEL,SCISSORHANDS SLUMS,2006
GRACE,MOSTEL,SLEEPLESS MONSOON,2006
GRACE,MOSTEL,SLEEPY JAPANESE,2006
GRACE,MOSTEL,STING PERSONAL,2006
GRACE,MOSTEL,TOWN ARK,2006
GRACE,MOSTEL,TRACY CIDER,2006
GRACE,MOSTEL,TREATMENT JEKYLL,2006
GRACE,MOSTEL,WAR NOTTING,2006
GRACE,MOSTEL,WARLOCK WEREWOLF,2006
MATTHEW,JOHANSSON,BABY HALL,2006
MATTHEW,JOHANSSON,CAMPUS REMEMBER,2006
MATTHEW,JOHANSSON,CLONES PINOCCHIO,2006
MATTHEW,JOHANSSON,CONQUERER NUTS,2006
MATTHEW,JOHANSSON,CROWDS TELEMARK,2006
MATTHEW,JOHANSSON,DANCES NONE,2006
MATTHEW,JOHANSSON,DRIVING POLISH,2006
MATTHEW,JOHANSSON,DURHAM PANKY,2006
MATTHEW,JOHANSSON,FLASH WARS,2006
MATTHEW,JOHANSSON,HANGING DEEP,2006
MATTHEW,JOHANSSON,INDIAN LOVE,2006
MATTHEW,JOHANSSON,LIGHTS DEER,2006
MATTHEW,JOHANSSON,LOSER HUSTLER,2006
MATTHEW,JOHANSSON,MALKOVICH PET,2006
MATTHEW,JOHANSSON,RUNNER MADIGAN,2006
MATTHEW,JOHANSSON,SCHOOL JACKET,2006
MATTHEW,JOHANSSON,SCORPION APOLLO,2006
MATTHEW,JOHANSSON,SUGAR WONKA,2006
MATTHEW,JOHANSSON,TOMORROW HUSTLER,2006
MATTHEW,JOHANSSON,VANISHING ROCKY,2006
JOE,SWANK,ANYTHING SAVANNAH,2006
JOE,SWANK,BIRCH ANTITRUST,2006
JOE,SWANK,CHOCOLAT HARRY,2006
JOE,SWANK,CHOCOLATE DUCK,2006
JOE,SWANK,CROOKED FROGMEN,2006
JOE,SWANK,CURTAIN VIDEOTAPE,2006
JOE,SWANK,DALMATIONS SWEDEN,2006
JOE,SWANK,HORROR REIGN,2006
JOE,SWANK,LAWLESS VISION,2006
JOE,SWANK,LEBOWSKI SOLDIERS,2006
JOE,SWANK,MAJESTIC FLOATS,2006
JOE,SWANK,PACIFIC AMISTAD,2006
JOE,SWANK,PERDITION FARGO,2006
JOE,SWANK,PRIMARY GLASS,2006
JOE,SWANK,REEF SALUTE,2006
JOE,SWANK,RUNNER MADIGAN,2006
JOE,SWANK,SMILE EARRING,2006
JOE,SWANK,SNATCHERS MONTEZUMA,2006
JOE,SWANK,SUNRISE LEAGUE,2006
JOE,SWANK,SWEETHEARTS SUSPECTS,2006
JOE,SWANK,TIES HUNGER,2006
JOE,SWANK,TRAFFIC HOBBIT,2006
JOE,SWANK,UNTOUCHABLES SUNRISE,2006
JOE,SWANK,WATERFRONT DELIVERANCE,2006
JOE,SWANK,WILD APOLLO,2006
CHRISTIAN,GABLE,ACADEMY DINOSAUR,2006
CHRISTIAN,GABLE,ALABAMA DEVIL,2006
CHRISTIAN,GABLE,CROOKED FROGMEN,2006
CHRISTIAN,GABLE,DIVINE RESURRECTION,2006
CHRISTIAN,GABLE,DRAGONFLY STRANGERS,2006
CHRISTIAN,GABLE,GOLDFINGER SENSIBILITY,2006
CHRISTIAN,GABLE,JAWBREAKER BROOKLYN,2006
CHRISTIAN,GABLE,JEEPERS WEDDING,2006
CHRISTIAN,GABLE,LIFE TWISTED,2006
CHRISTIAN,GABLE,LORD ARIZONA,2006
CHRISTIAN,GABLE,MOD SECRETARY,2006
CHRISTIAN,GABLE,PREJUDICE OLEANDER,2006
CHRISTIAN,GABLE,PUNK DIVORCE,2006
CHRISTIAN,GABLE,REAP UNFAITHFUL,2006
CHRISTIAN,GABLE,SHAKESPEARE SADDLE,2006
CHRISTIAN,GABLE,TROUBLE DATE,2006
CHRISTIAN,GABLE,USUAL UNTOUCHABLES,2006
CHRISTIAN,GABLE,VACATION BOONDOCK,2006
CHRISTIAN,GABLE,WATERFRONT DELIVERANCE,2006
CHRISTIAN,GABLE,WEDDING APOLLO,2006
CHRISTIAN,GABLE,WIZARD COLDBLOODED,2006
CHRISTIAN,GABLE,WON DARES,2006
ZERO,CAGE,CANYON STOCK,2006
ZERO,CAGE,DANCES NONE,2006
ZERO,CAGE,ENCINO ELF,2006
ZERO,CAGE,ENDING CROWDS,2006
ZERO,CAGE,GANDHI KWAI,2006
ZERO,CAGE,GODFATHER DIARY,2006
ZERO,CAGE,HANDICAP BOONDOCK,2006
ZERO,CAGE,HONEY TIES,2006
ZERO,CAGE,HORN WORKING,2006
ZERO,CAGE,IMAGE PRINCESS,2006
ZERO,CAGE,JERSEY SASSY,2006
ZERO,CAGE,LOSER HUSTLER,2006
ZERO,CAGE,MEET CHOCOLATE,2006
ZERO,CAGE,MOD SECRETARY,2006
ZERO,CAGE,MOONWALKER FOOL,2006
ZERO,CAGE,OLEANDER CLUE,2006
ZERO,CAGE,RACER EGG,2006
ZERO,CAGE,STORY SIDE,2006
ZERO,CAGE,STRANGERS GRAFFITI,2006
ZERO,CAGE,THIN SAGEBRUSH,2006
ZERO,CAGE,TOOTSIE PILOT,2006
ZERO,CAGE,UPTOWN YOUNG,2006
ZERO,CAGE,VELVET TERMINATOR,2006
ZERO,CAGE,WEST LION,2006
ZERO,CAGE,WORKER TARZAN,2006
KARL,BERRY,ALLEY EVOLUTION,2006
KARL,BERRY,ALONE TRIP,2006
KARL,BERRY,ARABIA DOGMA,2006
KARL,BERRY,ARIZONA BANG,2006
KARL,BERRY,BOUND CHEAPER,2006
KARL,BERRY,BOWFINGER GABLES,2006
KARL,BERRY,BUNCH MINDS,2006
KARL,BERRY,CLEOPATRA DEVIL,2006
KARL,BERRY,CONNECTICUT TRAMP,2006
KARL,BERRY,DARES PLUTO,2006
KARL,BERRY,DATE SPEED,2006
KARL,BERRY,DAY UNFAITHFUL,2006
KARL,BERRY,DOORS PRESIDENT,2006
KARL,BERRY,FURY MURDER,2006
KARL,BERRY,HARDLY ROBBERS,2006
KARL,BERRY,HIGHBALL POTTER,2006
KARL,BERRY,HOLES BRANNIGAN,2006
KARL,BERRY,INDEPENDENCE HOTEL,2006
KARL,BERRY,LEATHERNECKS DWARFS,2006
KARL,BERRY,LUCKY FLYING,2006
KARL,BERRY,MONTEREY LABYRINTH,2006
KARL,BERRY,NOVOCAINE FLIGHT,2006
KARL,BERRY,OKLAHOMA JUMANJI,2006
KARL,BERRY,PERFECT GROOVE,2006
KARL,BERRY,REAP UNFAITHFUL,2006
KARL,BERRY,REUNION WITCHES,2006
KARL,BERRY,SMOKING BARBARELLA,2006
KARL,BERRY,STAGECOACH ARMAGEDDON,2006
KARL,BERRY,SWEDEN SHINING,2006
KARL,BERRY,TELEMARK HEARTBREAKERS,2006
KARL,BERRY,VIRGINIAN PLUTO,2006
UMA,WOOD,ALONE TRIP,2006
UMA,WOOD,ANTITRUST TOMATOES,2006
UMA,WOOD,ATTRACTION NEWTON,2006
UMA,WOOD,BOONDOCK BALLROOM,2006
UMA,WOOD,CABIN FLASH,2006
UMA,WOOD,CHINATOWN GLADIATOR,2006
UMA,WOOD,CLASH FREDDY,2006
UMA,WOOD,CLUELESS BUCKET,2006
UMA,WOOD,DAISY MENAGERIE,2006
UMA,WOOD,DRIVER ANNIE,2006
UMA,WOOD,FRIDA SLIPPER,2006
UMA,WOOD,GALAXY SWEETHEARTS,2006
UMA,WOOD,GRINCH MASSAGE,2006
UMA,WOOD,GROUNDHOG UNCUT,2006
UMA,WOOD,HOMEWARD CIDER,2006
UMA,WOOD,INCH JET,2006
UMA,WOOD,LEATHERNECKS DWARFS,2006
UMA,WOOD,LEGALLY SECRETARY,2006
UMA,WOOD,LIFE TWISTED,2006
UMA,WOOD,LION UNCUT,2006
UMA,WOOD,LOLITA WORLD,2006
UMA,WOOD,METAL ARMAGEDDON,2006
UMA,WOOD,MODEL FISH,2006
UMA,WOOD,MOONWALKER FOOL,2006
UMA,WOOD,MOTIONS DETAILS,2006
UMA,WOOD,REBEL AIRPORT,2006
UMA,WOOD,RIDER CADDYSHACK,2006
UMA,WOOD,SNOWMAN ROLLERCOASTER,2006
UMA,WOOD,SOLDIERS EVOLUTION,2006
UMA,WOOD,SPLASH GUMP,2006
UMA,WOOD,SPLENDOR PATTON,2006
UMA,WOOD,STEEL SANTA,2006
UMA,WOOD,TORQUE BOUND,2006
UMA,WOOD,WEDDING APOLLO,2006
UMA,WOOD,ZHIVAGO CORE,2006
VIVIEN,BERGEN,CLASH FREDDY,2006
VIVIEN,BERGEN,CRANES RESERVOIR,2006
VIVIEN,BERGEN,DIRTY ACE,2006
VIVIEN,BERGEN,DONNIE ALLEY,2006
VIVIEN,BERGEN,DRIFTER COMMANDMENTS,2006
VIVIEN,BERGEN,DRIVING POLISH,2006
VIVIEN,BERGEN,DRUMS DYNAMITE,2006
VIVIEN,BERGEN,ENEMY ODDS,2006
VIVIEN,BERGEN,EXCITEMENT EVE,2006
VIVIEN,BERGEN,GORGEOUS BINGO,2006
VIVIEN,BERGEN,HIGH ENCINO,2006
VIVIEN,BERGEN,HILLS NEIGHBORS,2006
VIVIEN,BERGEN,HOBBIT ALIEN,2006
VIVIEN,BERGEN,IMPACT ALADDIN,2006
VIVIEN,BERGEN,ITALIAN AFRICAN,2006
VIVIEN,BERGEN,JAPANESE RUN,2006
VIVIEN,BERGEN,KENTUCKIAN GIANT,2006
VIVIEN,BERGEN,LOVELY JINGLE,2006
VIVIEN,BERGEN,LOVER TRUMAN,2006
VIVIEN,BERGEN,MUSSOLINI SPOILERS,2006
VIVIEN,BERGEN,POLISH BROOKLYN,2006
VIVIEN,BERGEN,SALUTE APOLLO,2006
VIVIEN,BERGEN,SATURDAY LAMBS,2006
VIVIEN,BERGEN,STOCK GLASS,2006
VIVIEN,BERGEN,STREETCAR INTENTIONS,2006
VIVIEN,BERGEN,TIGHTS DAWN,2006
VIVIEN,BERGEN,TRAP GUYS,2006
VIVIEN,BERGEN,TYCOON GATHERING,2006
VIVIEN,BERGEN,VOICE PEACH,2006
VIVIEN,BERGEN,WESTWARD SEABISCUIT,2006
CUBA,OLIVIER,APACHE DIVINE,2006
CUBA,OLIVIER,BORROWERS BEDAZZLED,2006
CUBA,OLIVIER,BOUND CHEAPER,2006
CUBA,OLIVIER,BUTCH PANTHER,2006
CUBA,OLIVIER,CASSIDY WYOMING,2006
CUBA,OLIVIER,DIVINE RESURRECTION,2006
CUBA,OLIVIER,EGYPT TENENBAUMS,2006
CUBA,OLIVIER,EMPIRE MALKOVICH,2006
CUBA,OLIVIER,FLYING HOOK,2006
CUBA,OLIVIER,FUGITIVE MAGUIRE,2006
CUBA,OLIVIER,HELLFIGHTERS SIERRA,2006
CUBA,OLIVIER,HYDE DOCTOR,2006
CUBA,OLIVIER,KISS GLORY,2006
CUBA,OLIVIER,KNOCK WARLOCK,2006
CUBA,OLIVIER,LUKE MUMMY,2006
CUBA,OLIVIER,MAKER GABLES,2006
CUBA,OLIVIER,MONTEZUMA COMMAND,2006
CUBA,OLIVIER,NOON PAPI,2006
CUBA,OLIVIER,OKLAHOMA JUMANJI,2006
CUBA,OLIVIER,ROSES TREASURE,2006
CUBA,OLIVIER,SHANE DARKNESS,2006
CUBA,OLIVIER,SIEGE MADRE,2006
CUBA,OLIVIER,SOLDIERS EVOLUTION,2006
CUBA,OLIVIER,THEORY MERMAID,2006
CUBA,OLIVIER,UNFORGIVEN ZOOLANDER,2006
CUBA,OLIVIER,VOLCANO TEXAS,2006
CUBA,OLIVIER,WEREWOLF LOLA,2006
CUBA,OLIVIER,WONDERLAND CHRISTMAS,2006
FRED,COSTNER,BLANKET BEVERLY,2006
FRED,COSTNER,BOONDOCK BALLROOM,2006
FRED,COSTNER,BROTHERHOOD BLANKET,2006
FRED,COSTNER,CAROL TEXAS,2006
FRED,COSTNER,CLEOPATRA DEVIL,2006
FRED,COSTNER,CONNECTICUT TRAMP,2006
FRED,COSTNER,DECEIVER BETRAYED,2006
FRED,COSTNER,DELIVERANCE MULHOLLAND,2006
FRED,COSTNER,EAGLES PANKY,2006
FRED,COSTNER,EARRING INSTINCT,2006
FRED,COSTNER,EASY GLADIATOR,2006
FRED,COSTNER,EMPIRE MALKOVICH,2006
FRED,COSTNER,ENTRAPMENT SATISFACTION,2006
FRED,COSTNER,GABLES METROPOLIS,2006
FRED,COSTNER,HUMAN GRAFFITI,2006
FRED,COSTNER,IMAGE PRINCESS,2006
FRED,COSTNER,IMPOSSIBLE PREJUDICE,2006
FRED,COSTNER,INCH JET,2006
FRED,COSTNER,KRAMER CHOCOLATE,2006
FRED,COSTNER,MAGNIFICENT CHITTY,2006
FRED,COSTNER,MIRACLE VIRTUAL,2006
FRED,COSTNER,MISSION ZOOLANDER,2006
FRED,COSTNER,REAR TRADING,2006
FRED,COSTNER,SAINTS BRIDE,2006
FRED,COSTNER,SENSE GREEK,2006
FRED,COSTNER,THEORY MERMAID,2006
FRED,COSTNER,WEEKEND PERSONAL,2006
HELEN,VOIGHT,BREAKING HOME,2006
HELEN,VOIGHT,CAPER MOTIONS,2006
HELEN,VOIGHT,CASPER DRAGONFLY,2006
HELEN,VOIGHT,CAT CONEHEADS,2006
HELEN,VOIGHT,CLASH FREDDY,2006
HELEN,VOIGHT,CUPBOARD SINNERS,2006
HELEN,VOIGHT,CYCLONE FAMILY,2006
HELEN,VOIGHT,DIVINE RESURRECTION,2006
HELEN,VOIGHT,EMPIRE MALKOVICH,2006
HELEN,VOIGHT,FEVER EMPIRE,2006
HELEN,VOIGHT,FIDELITY DEVIL,2006
HELEN,VOIGHT,GREATEST NORTH,2006
HELEN,VOIGHT,INDEPENDENCE HOTEL,2006
HELEN,VOIGHT,IRON MOON,2006
HELEN,VOIGHT,JAWS HARRY,2006
HELEN,VOIGHT,KISS GLORY,2006
HELEN,VOIGHT,LEGALLY SECRETARY,2006
HELEN,VOIGHT,LIES TREATMENT,2006
HELEN,VOIGHT,MICROCOSMOS PARADISE,2006
HELEN,VOIGHT,MOVIE SHAKESPEARE,2006
HELEN,VOIGHT,MUMMY CREATURES,2006
HELEN,VOIGHT,ROAD ROXANNE,2006
HELEN,VOIGHT,SCISSORHANDS SLUMS,2006
HELEN,VOIGHT,SIDE ARK,2006
HELEN,VOIGHT,SINNERS ATLANTIS,2006
HELEN,VOIGHT,STRANGER STRANGERS,2006
HELEN,VOIGHT,SWEETHEARTS SUSPECTS,2006
HELEN,VOIGHT,TADPOLE PARK,2006
HELEN,VOIGHT,TELEMARK HEARTBREAKERS,2006
HELEN,VOIGHT,VOICE PEACH,2006
HELEN,VOIGHT,WAR NOTTING,2006
HELEN,VOIGHT,WARLOCK WEREWOLF,2006
DAN,TORN,ATTACKS HATE,2006
DAN,TORN,BOILED DARES,2006
DAN,TORN,CHINATOWN GLADIATOR,2006
DAN,TORN,CONEHEADS SMOOCHY,2006
DAN,TORN,EARLY HOME,2006
DAN,TORN,ELIZABETH SHANE,2006
DAN,TORN,EMPIRE MALKOVICH,2006
DAN,TORN,FLASH WARS,2006
DAN,TORN,GUMP DATE,2006
DAN,TORN,INNOCENT USUAL,2006
DAN,TORN,INSIDER ARIZONA,2006
DAN,TORN,JERK PAYCHECK,2006
DAN,TORN,LOVELY JINGLE,2006
DAN,TORN,MASK PEACH,2006
DAN,TORN,MUSSOLINI SPOILERS,2006
DAN,TORN,REAR TRADING,2006
DAN,TORN,SLING LUKE,2006
DAN,TORN,STATE WASTELAND,2006
DAN,TORN,SUN CONFESSIONS,2006
DAN,TORN,TEQUILA PAST,2006
DAN,TORN,TUXEDO MILE,2006
DAN,TORN,VIRGIN DAISY,2006
BOB,FAWCETT,ACE GOLDFINGER,2006
BOB,FAWCETT,ADAPTATION HOLES,2006
BOB,FAWCETT,CHINATOWN GLADIATOR,2006
BOB,FAWCETT,CIRCUS YOUTH,2006
BOB,FAWCETT,CONTROL ANTHEM,2006
BOB,FAWCETT,DARES PLUTO,2006
BOB,FAWCETT,DARN FORRESTER,2006
BOB,FAWCETT,DAZED PUNK,2006
BOB,FAWCETT,DYNAMITE TARZAN,2006
BOB,FAWCETT,HATE HANDICAP,2006
BOB,FAWCETT,HOMICIDE PEACH,2006
BOB,FAWCETT,JACKET FRISCO,2006
BOB,FAWCETT,JUMANJI BLADE,2006
BOB,FAWCETT,LAWLESS VISION,2006
BOB,FAWCETT,LEATHERNECKS DWARFS,2006
BOB,FAWCETT,OSCAR GOLD,2006
BOB,FAWCETT,PELICAN COMFORTS,2006
BOB,FAWCETT,PERSONAL LADYBUGS,2006
BOB,FAWCETT,RAGING AIRPLANE,2006
BOB,FAWCETT,RUN PACIFIC,2006
BOB,FAWCETT,RUNNER MADIGAN,2006
BOB,FAWCETT,SADDLE ANTITRUST,2006
BOB,FAWCETT,SCORPION APOLLO,2006
BOB,FAWCETT,SHAWSHANK BUBBLE,2006
BOB,FAWCETT,TAXI KICK,2006
LUCILLE,TRACY,ACADEMY DINOSAUR,2006
LUCILLE,TRACY,BANGER PINOCCHIO,2006
LUCILLE,TRACY,BEDAZZLED MARRIED,2006
LUCILLE,TRACY,CHEAPER CLYDE,2006
LUCILLE,TRACY,CHITTY LOCK,2006
LUCILLE,TRACY,COLDBLOODED DARLING,2006
LUCILLE,TRACY,DINOSAUR SECRETARY,2006
LUCILLE,TRACY,DOORS PRESIDENT,2006
LUCILLE,TRACY,EARRING INSTINCT,2006
LUCILLE,TRACY,EGG IGBY,2006
LUCILLE,TRACY,GANDHI KWAI,2006
LUCILLE,TRACY,GOLDFINGER SENSIBILITY,2006
LUCILLE,TRACY,HYDE DOCTOR,2006
LUCILLE,TRACY,JAWS HARRY,2006
LUCILLE,TRACY,JUNGLE CLOSER,2006
LUCILLE,TRACY,KING EVOLUTION,2006
LUCILLE,TRACY,LOLA AGENT,2006
LUCILLE,TRACY,LOSE INCH,2006
LUCILLE,TRACY,LOVERBOY ATTACKS,2006
LUCILLE,TRACY,MODERN DORADO,2006
LUCILLE,TRACY,ORIENT CLOSER,2006
LUCILLE,TRACY,PAJAMA JAWBREAKER,2006
LUCILLE,TRACY,PATIENT SISTER,2006
LUCILLE,TRACY,RANDOM GO,2006
LUCILLE,TRACY,REAR TRADING,2006
LUCILLE,TRACY,SAGEBRUSH CLUELESS,2006
LUCILLE,TRACY,SHANGHAI TYCOON,2006
LUCILLE,TRACY,SUN CONFESSIONS,2006
LUCILLE,TRACY,WASTELAND DIVINE,2006
LUCILLE,TRACY,WINDOW SIDE,2006
KIRSTEN,PALTROW,AGENT TRUMAN,2006
KIRSTEN,PALTROW,BOONDOCK BALLROOM,2006
KIRSTEN,PALTROW,BORN SPINAL,2006
KIRSTEN,PALTROW,CHICKEN HELLFIGHTERS,2006
KIRSTEN,PALTROW,CLOSER BANG,2006
KIRSTEN,PALTROW,CONQUERER NUTS,2006
KIRSTEN,PALTROW,DRIFTER COMMANDMENTS,2006
KIRSTEN,PALTROW,ENCINO ELF,2006
KIRSTEN,PALTROW,FLASH WARS,2006
KIRSTEN,PALTROW,HANOVER GALAXY,2006
KIRSTEN,PALTROW,HOME PITY,2006
KIRSTEN,PALTROW,HONEY TIES,2006
KIRSTEN,PALTROW,KILL BROTHERHOOD,2006
KIRSTEN,PALTROW,LADYBUGS ARMAGEDDON,2006
KIRSTEN,PALTROW,LORD ARIZONA,2006
KIRSTEN,PALTROW,PINOCCHIO SIMON,2006
KIRSTEN,PALTROW,PLUTO OLEANDER,2006
KIRSTEN,PALTROW,PRIX UNDEFEATED,2006
KIRSTEN,PALTROW,PULP BEVERLY,2006
KIRSTEN,PALTROW,RIVER OUTLAW,2006
KIRSTEN,PALTROW,ROAD ROXANNE,2006
KIRSTEN,PALTROW,SILVERADO GOLDFINGER,2006
KIRSTEN,PALTROW,SLEEPING SUSPECTS,2006
KIRSTEN,PALTROW,THIEF PELICAN,2006
KIRSTEN,PALTROW,TITANS JERK,2006
KIRSTEN,PALTROW,UNBREAKABLE KARATE,2006
KIRSTEN,PALTROW,WON DARES,2006
ELVIS,MARX,ALABAMA DEVIL,2006
ELVIS,MARX,ANACONDA CONFESSIONS,2006
ELVIS,MARX,BAREFOOT MANCHURIAN,2006
ELVIS,MARX,BORROWERS BEDAZZLED,2006
ELVIS,MARX,CADDYSHACK JEDI,2006
ELVIS,MARX,CHITTY LOCK,2006
ELVIS,MARX,EVOLUTION ALTER,2006
ELVIS,MARX,EXPECATIONS NATURAL,2006
ELVIS,MARX,GANGS PRIDE,2006
ELVIS,MARX,GOODFELLAS SALUTE,2006
ELVIS,MARX,HOBBIT ALIEN,2006
ELVIS,MARX,HOOK CHARIOTS,2006
ELVIS,MARX,JERICHO MULAN,2006
ELVIS,MARX,JUMPING WRATH,2006
ELVIS,MARX,KENTUCKIAN GIANT,2006
ELVIS,MARX,LOVELY JINGLE,2006
ELVIS,MARX,MOTIONS DETAILS,2006
ELVIS,MARX,ODDS BOOGIE,2006
ELVIS,MARX,OUTLAW HANKY,2006
ELVIS,MARX,POLISH BROOKLYN,2006
ELVIS,MARX,RIGHT CRANES,2006
ELVIS,MARX,ROOF CHAMPION,2006
ELVIS,MARX,SEATTLE EXPECATIONS,2006
ELVIS,MARX,SKY MIRACLE,2006
ELVIS,MARX,TROJAN TOMORROW,2006
ELVIS,MARX,WATERFRONT DELIVERANCE,2006
SANDRA,KILMER,AGENT TRUMAN,2006
SANDRA,KILMER,ARTIST COLDBLOODED,2006
SANDRA,KILMER,BLACKOUT PRIVATE,2006
SANDRA,KILMER,BULL SHAWSHANK,2006
SANDRA,KILMER,CANDIDATE PERDITION,2006
SANDRA,KILMER,CANDLES GRAPES,2006
SANDRA,KILMER,CASSIDY WYOMING,2006
SANDRA,KILMER,DARN FORRESTER,2006
SANDRA,KILMER,DESTINY SATURDAY,2006
SANDRA,KILMER,DIVIDE MONSTER,2006
SANDRA,KILMER,DRIVER ANNIE,2006
SANDRA,KILMER,GOLDMINE TYCOON,2006
SANDRA,KILMER,GORGEOUS BINGO,2006
SANDRA,KILMER,HELLFIGHTERS SIERRA,2006
SANDRA,KILMER,HOCUS FRIDA,2006
SANDRA,KILMER,HOTEL HAPPINESS,2006
SANDRA,KILMER,IDENTITY LOVER,2006
SANDRA,KILMER,JUMPING WRATH,2006
SANDRA,KILMER,LOVELY JINGLE,2006
SANDRA,KILMER,MAGNOLIA FORRESTER,2006
SANDRA,KILMER,OLEANDER CLUE,2006
SANDRA,KILMER,OZ LIAISONS,2006
SANDRA,KILMER,PERSONAL LADYBUGS,2006
SANDRA,KILMER,POSEIDON FOREVER,2006
SANDRA,KILMER,SAVANNAH TOWN,2006
SANDRA,KILMER,SHAKESPEARE SADDLE,2006
SANDRA,KILMER,SLEEPING SUSPECTS,2006
SANDRA,KILMER,SONS INTERVIEW,2006
SANDRA,KILMER,SPEED SUIT,2006
SANDRA,KILMER,SPLENDOR PATTON,2006
SANDRA,KILMER,STATE WASTELAND,2006
SANDRA,KILMER,STRANGER STRANGERS,2006
SANDRA,KILMER,STREAK RIDGEMONT,2006
SANDRA,KILMER,STREETCAR INTENTIONS,2006
SANDRA,KILMER,VANISHED GARDEN,2006
SANDRA,KILMER,WOLVES DESIRE,2006
SANDRA,KILMER,YOUTH KICK,2006
CAMERON,STREEP,ADAPTATION HOLES,2006
CAMERON,STREEP,BLUES INSTINCT,2006
CAMERON,STREEP,CALENDAR GUNFIGHT,2006
CAMERON,STREEP,CASUALTIES ENCINO,2006
CAMERON,STREEP,CHOCOLATE DUCK,2006
CAMERON,STREEP,COAST RAINBOW,2006
CAMERON,STREEP,CONNECTION MICROCOSMOS,2006
CAMERON,STREEP,CROW GREASE,2006
CAMERON,STREEP,CUPBOARD SINNERS,2006
CAMERON,STREEP,DOOM DANCING,2006
CAMERON,STREEP,DROP WATERFRONT,2006
CAMERON,STREEP,ELEPHANT TROJAN,2006
CAMERON,STREEP,FREEDOM CLEOPATRA,2006
CAMERON,STREEP,HAUNTED ANTITRUST,2006
CAMERON,STREEP,INSTINCT AIRPORT,2006
CAMERON,STREEP,LEGALLY SECRETARY,2006
CAMERON,STREEP,MOB DUFFEL,2006
CAMERON,STREEP,MOVIE SHAKESPEARE,2006
CAMERON,STREEP,PANIC CLUB,2006
CAMERON,STREEP,PURE RUNNER,2006
CAMERON,STREEP,SEVEN SWARM,2006
CAMERON,STREEP,SPINAL ROCKY,2006
CAMERON,STREEP,SPLASH GUMP,2006
CAMERON,STREEP,WEST LION,2006
KEVIN,BLOOM,AMERICAN CIRCUS,2006
KEVIN,BLOOM,BOOGIE AMELIE,2006
KEVIN,BLOOM,CITIZEN SHREK,2006
KEVIN,BLOOM,CONQUERER NUTS,2006
KEVIN,BLOOM,DALMATIONS SWEDEN,2006
KEVIN,BLOOM,DATE SPEED,2006
KEVIN,BLOOM,DESTINY SATURDAY,2006
KEVIN,BLOOM,DOUBLE WRATH,2006
KEVIN,BLOOM,FICTION CHRISTMAS,2006
KEVIN,BLOOM,HATE HANDICAP,2006
KEVIN,BLOOM,HEAVENLY GUN,2006
KEVIN,BLOOM,HOLES BRANNIGAN,2006
KEVIN,BLOOM,LOVERBOY ATTACKS,2006
KEVIN,BLOOM,MASSAGE IMAGE,2006
KEVIN,BLOOM,MISSION ZOOLANDER,2006
KEVIN,BLOOM,MUMMY CREATURES,2006
KEVIN,BLOOM,POLISH BROOKLYN,2006
KEVIN,BLOOM,PRIMARY GLASS,2006
KEVIN,BLOOM,SABRINA MIDNIGHT,2006
KEVIN,BLOOM,SWEDEN SHINING,2006
KEVIN,BLOOM,TROUBLE DATE,2006
RIP,CRAWFORD,ALABAMA DEVIL,2006
RIP,CRAWFORD,AMERICAN CIRCUS,2006
RIP,CRAWFORD,ARABIA DOGMA,2006
RIP,CRAWFORD,BOULEVARD MOB,2006
RIP,CRAWFORD,BRANNIGAN SUNRISE,2006
RIP,CRAWFORD,BUCKET BROTHERHOOD,2006
RIP,CRAWFORD,CHOCOLAT HARRY,2006
RIP,CRAWFORD,CRAFT OUTFIELD,2006
RIP,CRAWFORD,CYCLONE FAMILY,2006
RIP,CRAWFORD,DESTINATION JERK,2006
RIP,CRAWFORD,DONNIE ALLEY,2006
RIP,CRAWFORD,FOOL MOCKINGBIRD,2006
RIP,CRAWFORD,FORREST SONS,2006
RIP,CRAWFORD,FRONTIER CABIN,2006
RIP,CRAWFORD,GABLES METROPOLIS,2006
RIP,CRAWFORD,GUYS FALCON,2006
RIP,CRAWFORD,HALL CASSIDY,2006
RIP,CRAWFORD,LONELY ELEPHANT,2006
RIP,CRAWFORD,MADISON TRAP,2006
RIP,CRAWFORD,MASSAGE IMAGE,2006
RIP,CRAWFORD,OKLAHOMA JUMANJI,2006
RIP,CRAWFORD,OSCAR GOLD,2006
RIP,CRAWFORD,PITTSBURGH HUNCHBACK,2006
RIP,CRAWFORD,POLISH BROOKLYN,2006
RIP,CRAWFORD,RANGE MOONWALKER,2006
RIP,CRAWFORD,RINGS HEARTBREAKERS,2006
RIP,CRAWFORD,SAINTS BRIDE,2006
RIP,CRAWFORD,SATURDAY LAMBS,2006
RIP,CRAWFORD,SIEGE MADRE,2006
RIP,CRAWFORD,SORORITY QUEEN,2006
RIP,CRAWFORD,TEXAS WATCH,2006
RIP,CRAWFORD,TRAIN BUNCH,2006
RIP,CRAWFORD,TRAMP OTHERS,2006
JULIA,MCQUEEN,AMADEUS HOLY,2006
JULIA,MCQUEEN,ARABIA DOGMA,2006
JULIA,MCQUEEN,BONNIE HOLOCAUST,2006
JULIA,MCQUEEN,CIDER DESIRE,2006
JULIA,MCQUEEN,CONEHEADS SMOOCHY,2006
JULIA,MCQUEEN,EFFECT GLADIATOR,2006
JULIA,MCQUEEN,FREDDY STORM,2006
JULIA,MCQUEEN,GAMES BOWFINGER,2006
JULIA,MCQUEEN,GLADIATOR WESTWARD,2006
JULIA,MCQUEEN,HANOVER GALAXY,2006
JULIA,MCQUEEN,HIGH ENCINO,2006
JULIA,MCQUEEN,INSIDER ARIZONA,2006
JULIA,MCQUEEN,JAWBREAKER BROOKLYN,2006
JULIA,MCQUEEN,KISS GLORY,2006
JULIA,MCQUEEN,KRAMER CHOCOLATE,2006
JULIA,MCQUEEN,LUCKY FLYING,2006
JULIA,MCQUEEN,MOCKINGBIRD HOLLYWOOD,2006
JULIA,MCQUEEN,MONTEREY LABYRINTH,2006
JULIA,MCQUEEN,OPEN AFRICAN,2006
JULIA,MCQUEEN,PILOT HOOSIERS,2006
JULIA,MCQUEEN,PITTSBURGH HUNCHBACK,2006
JULIA,MCQUEEN,PRESIDENT BANG,2006
JULIA,MCQUEEN,SCORPION APOLLO,2006
JULIA,MCQUEEN,SLEEPLESS MONSOON,2006
JULIA,MCQUEEN,SPIRIT FLINTSTONES,2006
JULIA,MCQUEEN,STRANGERS GRAFFITI,2006
JULIA,MCQUEEN,SWEETHEARTS SUSPECTS,2006
JULIA,MCQUEEN,TELEMARK HEARTBREAKERS,2006
JULIA,MCQUEEN,TIES HUNGER,2006
JULIA,MCQUEEN,TRAIN BUNCH,2006
JULIA,MCQUEEN,WEEKEND PERSONAL,2006
JULIA,MCQUEEN,WONKA SEA,2006
JULIA,MCQUEEN,YOUNG LANGUAGE,2006
WOODY,HOFFMAN,ALICE FANTASIA,2006
WOODY,HOFFMAN,ATLANTIS CAUSE,2006
WOODY,HOFFMAN,BEACH HEARTBREAKERS,2006
WOODY,HOFFMAN,BIRCH ANTITRUST,2006
WOODY,HOFFMAN,BREAKING HOME,2006
WOODY,HOFFMAN,BUNCH MINDS,2006
WOODY,HOFFMAN,DUCK RACER,2006
WOODY,HOFFMAN,DURHAM PANKY,2006
WOODY,HOFFMAN,ENTRAPMENT SATISFACTION,2006
WOODY,HOFFMAN,GILMORE BOILED,2006
WOODY,HOFFMAN,KNOCK WARLOCK,2006
WOODY,HOFFMAN,LAMBS CINCINATTI,2006
WOODY,HOFFMAN,LOSER HUSTLER,2006
WOODY,HOFFMAN,MAIDEN HOME,2006
WOODY,HOFFMAN,MIDNIGHT WESTWARD,2006
WOODY,HOFFMAN,MOONWALKER FOOL,2006
WOODY,HOFFMAN,NEIGHBORS CHARADE,2006
WOODY,HOFFMAN,NONE SPIKING,2006
WOODY,HOFFMAN,PAJAMA JAWBREAKER,2006
WOODY,HOFFMAN,PILOT HOOSIERS,2006
WOODY,HOFFMAN,ROOM ROMAN,2006
WOODY,HOFFMAN,SHOOTIST SUPERFLY,2006
WOODY,HOFFMAN,SHRUNK DIVINE,2006
WOODY,HOFFMAN,SNOWMAN ROLLERCOASTER,2006
WOODY,HOFFMAN,SPICE SORORITY,2006
WOODY,HOFFMAN,SPY MILE,2006
WOODY,HOFFMAN,TELEGRAPH VOYAGE,2006
WOODY,HOFFMAN,TRAP GUYS,2006
WOODY,HOFFMAN,WAIT CIDER,2006
WOODY,HOFFMAN,WIFE TURN,2006
WOODY,HOFFMAN,WYOMING STORM,2006
ALEC,WAYNE,ALADDIN CALENDAR,2006
ALEC,WAYNE,BLADE POLISH,2006
ALEC,WAYNE,BULL SHAWSHANK,2006
ALEC,WAYNE,CABIN FLASH,2006
ALEC,WAYNE,CENTER DINOSAUR,2006
ALEC,WAYNE,CHAMBER ITALIAN,2006
ALEC,WAYNE,CONEHEADS SMOOCHY,2006
ALEC,WAYNE,DESTINY SATURDAY,2006
ALEC,WAYNE,EFFECT GLADIATOR,2006
ALEC,WAYNE,ENCOUNTERS CURTAIN,2006
ALEC,WAYNE,EXPRESS LONELY,2006
ALEC,WAYNE,FICTION CHRISTMAS,2006
ALEC,WAYNE,FREEDOM CLEOPATRA,2006
ALEC,WAYNE,FUGITIVE MAGUIRE,2006
ALEC,WAYNE,HOURS RAGE,2006
ALEC,WAYNE,HUSTLER PARTY,2006
ALEC,WAYNE,IDENTITY LOVER,2006
ALEC,WAYNE,INSIDER ARIZONA,2006
ALEC,WAYNE,JEOPARDY ENCINO,2006
ALEC,WAYNE,JOON NORTHWEST,2006
ALEC,WAYNE,LIBERTY MAGNIFICENT,2006
ALEC,WAYNE,MAGIC MALLRATS,2006
ALEC,WAYNE,MONEY HAROLD,2006
ALEC,WAYNE,OUTBREAK DIVINE,2006
ALEC,WAYNE,REIGN GENTLEMEN,2006
ALEC,WAYNE,SMOKING BARBARELLA,2006
ALEC,WAYNE,SUMMER SCARFACE,2006
ALEC,WAYNE,UPTOWN YOUNG,2006
ALEC,WAYNE,VIRGIN DAISY,2006
SANDRA,PECK,ACADEMY DINOSAUR,2006
SANDRA,PECK,BANG KWAI,2006
SANDRA,PECK,BEETHOVEN EXORCIST,2006
SANDRA,PECK,BEVERLY OUTLAW,2006
SANDRA,PECK,BIRDS PERDITION,2006
SANDRA,PECK,BOONDOCK BALLROOM,2006
SANDRA,PECK,DUDE BLINDNESS,2006
SANDRA,PECK,DUMBO LUST,2006
SANDRA,PECK,ENOUGH RAGING,2006
SANDRA,PECK,EXCITEMENT EVE,2006
SANDRA,PECK,FAMILY SWEET,2006
SANDRA,PECK,FIREHOUSE VIETNAM,2006
SANDRA,PECK,FLASH WARS,2006
SANDRA,PECK,GILBERT PELICAN,2006
SANDRA,PECK,MATRIX SNOWMAN,2006
SANDRA,PECK,RINGS HEARTBREAKERS,2006
SANDRA,PECK,SILENCE KANE,2006
SANDRA,PECK,STAGECOACH ARMAGEDDON,2006
SANDRA,PECK,VIRGINIAN PLUTO,2006
SISSY,SOBIESKI,BORN SPINAL,2006
SISSY,SOBIESKI,CHITTY LOCK,2006
SISSY,SOBIESKI,CLYDE THEORY,2006
SISSY,SOBIESKI,COAST RAINBOW,2006
SISSY,SOBIESKI,CRAZY HOME,2006
SISSY,SOBIESKI,FACTORY DRAGON,2006
SISSY,SOBIESKI,FERRIS MOTHER,2006
SISSY,SOBIESKI,GONE TROUBLE,2006
SISSY,SOBIESKI,GREEK EVERYONE,2006
SISSY,SOBIESKI,HOOSIERS BIRDCAGE,2006
SISSY,SOBIESKI,MOB DUFFEL,2006
SISSY,SOBIESKI,OPEN AFRICAN,2006
SISSY,SOBIESKI,PRIX UNDEFEATED,2006
SISSY,SOBIESKI,ROCKY WAR,2006
SISSY,SOBIESKI,SHRUNK DIVINE,2006
SISSY,SOBIESKI,SKY MIRACLE,2006
SISSY,SOBIESKI,TELEMARK HEARTBREAKERS,2006
SISSY,SOBIESKI,WISDOM WORKER,2006
TIM,HACKMAN,BEHAVIOR RUNAWAY,2006
TIM,HACKMAN,BOILED DARES,2006
TIM,HACKMAN,BUCKET BROTHERHOOD,2006
TIM,HACKMAN,CALENDAR GUNFIGHT,2006
TIM,HACKMAN,CHAPLIN LICENSE,2006
TIM,HACKMAN,CRUSADE HONEY,2006
TIM,HACKMAN,CUPBOARD SINNERS,2006
TIM,HACKMAN,DEEP CRUSADE,2006
TIM,HACKMAN,FEUD FROGMEN,2006
TIM,HACKMAN,FIDDLER LOST,2006
TIM,HACKMAN,HAROLD FRENCH,2006
TIM,HACKMAN,HOMEWARD CIDER,2006
TIM,HACKMAN,HOOSIERS BIRDCAGE,2006
TIM,HACKMAN,LIGHTS DEER,2006
TIM,HACKMAN,MEET CHOCOLATE,2006
TIM,HACKMAN,MOB DUFFEL,2006
TIM,HACKMAN,MUMMY CREATURES,2006
TIM,HACKMAN,PACKER MADIGAN,2006
TIM,HACKMAN,PEACH INNOCENT,2006
TIM,HACKMAN,PEARL DESTINY,2006
TIM,HACKMAN,SNATCHERS MONTEZUMA,2006
TIM,HACKMAN,UPTOWN YOUNG,2006
TIM,HACKMAN,WIZARD COLDBLOODED,2006
MILLA,PECK,BAREFOOT MANCHURIAN,2006
MILLA,PECK,CALENDAR GUNFIGHT,2006
MILLA,PECK,CHANCE RESURRECTION,2006
MILLA,PECK,CLASH FREDDY,2006
MILLA,PECK,DAUGHTER MADIGAN,2006
MILLA,PECK,DREAM PICKUP,2006
MILLA,PECK,FATAL HAUNTED,2006
MILLA,PECK,FEATHERS METAL,2006
MILLA,PECK,JACKET FRISCO,2006
MILLA,PECK,JUGGLER HARDLY,2006
MILLA,PECK,MIDNIGHT WESTWARD,2006
MILLA,PECK,NECKLACE OUTBREAK,2006
MILLA,PECK,PEACH INNOCENT,2006
MILLA,PECK,PREJUDICE OLEANDER,2006
MILLA,PECK,RAIDERS ANTITRUST,2006
MILLA,PECK,ROBBERS JOON,2006
MILLA,PECK,ROCK INSTINCT,2006
MILLA,PECK,RUSHMORE MERMAID,2006
MILLA,PECK,SEATTLE EXPECATIONS,2006
MILLA,PECK,TEEN APOLLO,2006
MILLA,PECK,TEMPLE ATTRACTION,2006
MILLA,PECK,WATERSHIP FRONTIER,2006
MILLA,PECK,WHISPERER GIANT,2006
MILLA,PECK,WRONG BEHAVIOR,2006
AUDREY,OLIVIER,ATLANTIS CAUSE,2006
AUDREY,OLIVIER,BOULEVARD MOB,2006
AUDREY,OLIVIER,CAPER MOTIONS,2006
AUDREY,OLIVIER,CASSIDY WYOMING,2006
AUDREY,OLIVIER,CONEHEADS SMOOCHY,2006
AUDREY,OLIVIER,CONTROL ANTHEM,2006
AUDREY,OLIVIER,DORADO NOTTING,2006
AUDREY,OLIVIER,FRENCH HOLIDAY,2006
AUDREY,OLIVIER,GUNFIGHTER MUSSOLINI,2006
AUDREY,OLIVIER,HALLOWEEN NUTS,2006
AUDREY,OLIVIER,HUMAN GRAFFITI,2006
AUDREY,OLIVIER,KANE EXORCIST,2006
AUDREY,OLIVIER,KNOCK WARLOCK,2006
AUDREY,OLIVIER,LOATHING LEGALLY,2006
AUDREY,OLIVIER,PEAK FOREVER,2006
AUDREY,OLIVIER,REDEMPTION COMFORTS,2006
AUDREY,OLIVIER,SENSE GREEK,2006
AUDREY,OLIVIER,SHIP WONDERLAND,2006
AUDREY,OLIVIER,SIDE ARK,2006
AUDREY,OLIVIER,SQUAD FISH,2006
AUDREY,OLIVIER,STING PERSONAL,2006
AUDREY,OLIVIER,STRANGER STRANGERS,2006
AUDREY,OLIVIER,USUAL UNTOUCHABLES,2006
AUDREY,OLIVIER,VOLUME HOUSE,2006
AUDREY,OLIVIER,WHALE BIKINI,2006
JUDY,DEAN,ALADDIN CALENDAR,2006
JUDY,DEAN,ARACHNOPHOBIA ROLLERCOASTER,2006
JUDY,DEAN,BALLROOM MOCKINGBIRD,2006
JUDY,DEAN,CYCLONE FAMILY,2006
JUDY,DEAN,DROP WATERFRONT,2006
JUDY,DEAN,GUNFIGHTER MUSSOLINI,2006
JUDY,DEAN,MODERN DORADO,2006
JUDY,DEAN,MUSSOLINI SPOILERS,2006
JUDY,DEAN,NASH CHOCOLAT,2006
JUDY,DEAN,QUEST MUSSOLINI,2006
JUDY,DEAN,RINGS HEARTBREAKERS,2006
JUDY,DEAN,ROCKETEER MOTHER,2006
JUDY,DEAN,RUGRATS SHAKESPEARE,2006
JUDY,DEAN,SOLDIERS EVOLUTION,2006
JUDY,DEAN,TROUBLE DATE,2006
BURT,DUKAKIS,ALIEN CENTER,2006
BURT,DUKAKIS,BLINDNESS GUN,2006
BURT,DUKAKIS,COMMANDMENTS EXPRESS,2006
BURT,DUKAKIS,DINOSAUR SECRETARY,2006
BURT,DUKAKIS,DOUBLE WRATH,2006
BURT,DUKAKIS,ENDING CROWDS,2006
BURT,DUKAKIS,GREEK EVERYONE,2006
BURT,DUKAKIS,GRINCH MASSAGE,2006
BURT,DUKAKIS,GUN BONNIE,2006
BURT,DUKAKIS,GUYS FALCON,2006
BURT,DUKAKIS,HEAVEN FREEDOM,2006
BURT,DUKAKIS,HOME PITY,2006
BURT,DUKAKIS,HOMEWARD CIDER,2006
BURT,DUKAKIS,IMAGE PRINCESS,2006
BURT,DUKAKIS,INTOLERABLE INTENTIONS,2006
BURT,DUKAKIS,JERK PAYCHECK,2006
BURT,DUKAKIS,KANE EXORCIST,2006
BURT,DUKAKIS,KING EVOLUTION,2006
BURT,DUKAKIS,MENAGERIE RUSHMORE,2006
BURT,DUKAKIS,MONEY HAROLD,2006
BURT,DUKAKIS,MOTIONS DETAILS,2006
BURT,DUKAKIS,RANDOM GO,2006
BURT,DUKAKIS,RANGE MOONWALKER,2006
BURT,DUKAKIS,REAP UNFAITHFUL,2006
BURT,DUKAKIS,RIGHT CRANES,2006
BURT,DUKAKIS,TALENTED HOMICIDE,2006
BURT,DUKAKIS,TRUMAN CRAZY,2006
BURT,DUKAKIS,VALENTINE VANISHING,2006
BURT,DUKAKIS,WANDA CHAMBER,2006
VAL,BOLGER,ALADDIN CALENDAR,2006
VAL,BOLGER,ALASKA PHANTOM,2006
VAL,BOLGER,AMADEUS HOLY,2006
VAL,BOLGER,CANYON STOCK,2006
VAL,BOLGER,CAPER MOTIONS,2006
VAL,BOLGER,CARRIE BUNCH,2006
VAL,BOLGER,CHITTY LOCK,2006
VAL,BOLGER,DALMATIONS SWEDEN,2006
VAL,BOLGER,DRIFTER COMMANDMENTS,2006
VAL,BOLGER,DUDE BLINDNESS,2006
VAL,BOLGER,ELEPHANT TROJAN,2006
VAL,BOLGER,FIREBALL PHILADELPHIA,2006
VAL,BOLGER,INTRIGUE WORST,2006
VAL,BOLGER,JAWBREAKER BROOKLYN,2006
VAL,BOLGER,JERSEY SASSY,2006
VAL,BOLGER,LAMBS CINCINATTI,2006
VAL,BOLGER,LONELY ELEPHANT,2006
VAL,BOLGER,MAKER GABLES,2006
VAL,BOLGER,MALLRATS UNITED,2006
VAL,BOLGER,METROPOLIS COMA,2006
VAL,BOLGER,MODEL FISH,2006
VAL,BOLGER,PATHS CONTROL,2006
VAL,BOLGER,PATIENT SISTER,2006
VAL,BOLGER,PREJUDICE OLEANDER,2006
VAL,BOLGER,PRIMARY GLASS,2006
VAL,BOLGER,SHAWSHANK BUBBLE,2006
VAL,BOLGER,STALLION SUNDANCE,2006
VAL,BOLGER,STAMPEDE DISTURBING,2006
VAL,BOLGER,STRANGER STRANGERS,2006
VAL,BOLGER,TOWN ARK,2006
VAL,BOLGER,UNITED PILOT,2006
VAL,BOLGER,WATCH TRACY,2006
VAL,BOLGER,WEDDING APOLLO,2006
VAL,BOLGER,WORKING MICROCOSMOS,2006
VAL,BOLGER,YOUTH KICK,2006
TOM,MCKELLEN,ANALYZE HOOSIERS,2006
TOM,MCKELLEN,CADDYSHACK JEDI,2006
TOM,MCKELLEN,CLUB GRAFFITI,2006
TOM,MCKELLEN,CONGENIALITY QUEST,2006
TOM,MCKELLEN,DESIRE ALIEN,2006
TOM,MCKELLEN,DONNIE ALLEY,2006
TOM,MCKELLEN,EGG IGBY,2006
TOM,MCKELLEN,FREEDOM CLEOPATRA,2006
TOM,MCKELLEN,FRISCO FORREST,2006
TOM,MCKELLEN,GENTLEMEN STAGE,2006
TOM,MCKELLEN,IDAHO LOVE,2006
TOM,MCKELLEN,IDOLS SNATCHERS,2006
TOM,MCKELLEN,INDIAN LOVE,2006
TOM,MCKELLEN,KISSING DOLLS,2006
TOM,MCKELLEN,LEGEND JEDI,2006
TOM,MCKELLEN,MAGIC MALLRATS,2006
TOM,MCKELLEN,MISSION ZOOLANDER,2006
TOM,MCKELLEN,NECKLACE OUTBREAK,2006
TOM,MCKELLEN,NEIGHBORS CHARADE,2006
TOM,MCKELLEN,PURPLE MOVIE,2006
TOM,MCKELLEN,SHRUNK DIVINE,2006
TOM,MCKELLEN,SPICE SORORITY,2006
TOM,MCKELLEN,STALLION SUNDANCE,2006
TOM,MCKELLEN,STRANGER STRANGERS,2006
TOM,MCKELLEN,TARZAN VIDEOTAPE,2006
GOLDIE,BRODY,BILKO ANONYMOUS,2006
GOLDIE,BRODY,BINGO TALENTED,2006
GOLDIE,BRODY,COMANCHEROS ENEMY,2006
GOLDIE,BRODY,DAISY MENAGERIE,2006
GOLDIE,BRODY,DESERT POSEIDON,2006
GOLDIE,BRODY,EVERYONE CRAFT,2006
GOLDIE,BRODY,EXORCIST STING,2006
